Title,Premiere
Brad's Status,2017-09-15
Pass Over,2018-04-20
Peterloo,2019-04-05
Guava Island,2019-04-13
Brittany Runs a Marathon,2019-11-22
The Report,2019-11-29
The Aeronauts,2019-12-20
Troop Zero,2020-01-17
Blow the Man Down,2020-03-20
Guns Akimbo,2020-03-23
Bloodshot,2020-03-27
Selah and the Spades,2020-04-17
The Vast of Night,2020-05-29
Ponmagal Vandhal,2020-05-29
Gulabo Sitabo,2020-06-12
7500,2020-06-18
Penguin,2020-06-19
My Spy,2020-06-26
Fourth River,2020-06-28
Sufiyum Sujatayum,2020-07-03
Law,2020-07-17
Radioactive,2020-07-24
French Biriyani,2020-07-24
Shakuntala Devi,2020-07-31
Chemical Hearts,2020-08-21
Get Duked!,2020-08-28
C U Soon,2020-09-01
V,2020-09-05
Brutus Vs César,2020-09-18
The Postcard Killings,2020-09-25
Nishabdham / Silence,2020-10-02
Black Box,2020-10-06
The Lie,2020-10-06
Nocturne,2020-10-13
Evil Eye,2020-10-13
Halal Love Story,2020-10-15
Putham Pudhu Kaalai,2020-10-16
Borat Subsequent Moviefilm,2020-10-23
Bheemasena Nalamaharaja,2020-10-29
Gatham,2020-11-06
Soorarai Pottru,2020-11-12
Chhalaang,2020-11-13
Mane Number 13,2020-11-19
Historias lamentables,2020-11-19
Middle Class Melodies,2020-11-20
Force of Nature,2020-11-23
Uncle Frank,2020-11-25
Bombhaat,2020-12-03
Sound of Metal,2020-12-04
IIT Krishnamurthy,2020-12-10
I'm Your Woman,2020-12-11
Durgamati,2020-12-11
Guvva Gorinka,2020-12-17
Unpaused,2020-12-18
Sylvie's Love,2020-12-23
Coolie No. 1,2020-12-25
Maara,2021-01-08
One Night in Miami...,2021-01-15
Forte,2021-01-25
Bliss,2021-02-05
The Map of Tiny Perfect Things,2021-02-12
Drishyam 2,2021-02-19
Coming 2 America,2021-03-04
Our Friend,2021-03-18
Picasso,2021-03-19
Joji,2021-04-07
Hello Charlie,2021-04-09
Well Done Baby,2021-04-09
Without Remorse,2021-04-30
De Oost,2021-05-13
Ek Mini Katha,2021-05-27
Pachchis,2021-06-12
Sherni,2021-06-18
Cold Case,2021-06-30
The Tomorrow War,2021-07-02
Sara's,2021-07-05
Malik,2021-07-15
Toofaan,2021-07-16
Narappa,2021-07-20
Ikkat,2021-07-21
Sarpatta Parambarai,2021-07-22
Jolt,2021-07-23
Kuruthi,2021-08-11
Shershaah,2021-08-12
Home,2021-08-19
Cinderella,2021-09-03
The Voyeurs,2021-09-10
Tuck Jagadish,2021-09-10
Everybody's Talking About Jamie,2021-09-17
The Mad Women's Ball,2021-09-17
Sunny,2021-09-23
Birds of Paradise,2021-09-24
Raame Aandalum Raavane Aandalum,2021-09-24
Bingo Hell,2021-10-01
Black as Night,2021-10-01
Bhramam,2021-10-07
Madres,2021-10-08
The Manor,2021-10-08
Udanpirappe,2021-10-14
Sardar Udham,2021-10-16
Rathnan Prapancha,2021-10-22
Anni da cane,2021-10-22
Dybbuk,2021-10-29
Jai Bhim,2021-11-02
Jivan Sandhya,2021-11-09
Flashback,2021-11-11
The Green Knight,2021-11-17
Dhummas,2021-11-23
Drushyam 2,2021-11-25
Chhorii,2021-11-26
Bali,2021-12-09
Encounter,2021-12-10
Being the Ricardos,2021-12-21
The Tender Bar,2022-01-07
Hotel Transylvania: Transformania,2022-01-14
One Cut Two Cut,2022-02-03
Book of Love,2022-02-04
Mahaan,2022-02-10
Gehraiyaan,2022-02-11
Homestay,2022-02-11
I Want You Back,2022-02-11
Family Pack,2022-02-17
One Night Off,2022-02-21
Master,2022-03-18
Jalsa,2022-03-18
S.O.S. Mamis: La película,2022-03-18
Achcham Madam Naanam Payirppu,2022-03-25
Sharmaji Namkeen,2022-03-31
All the Old Knives,2022-04-08
Oh My Dog,2022-04-21
I Love America,2022-04-29
Saani Kaayidham,2022-05-06
Emergency,2022-05-20
The Contractor,2022-06-15
My Fake Boyfriend,2022-06-27
Don't Make Me Go,2022-07-15
1Up,2022-07-15
Anything's Possible,2022-07-22
Thirteen Lives,2022-08-05
Doblemente Embarazada 2,2022-08-05
Samaritan,2022-08-26
48 Jam untuk Indah,2022-09-15
Goodnight Mommy,2022-09-16
My Best Friend's Exorcism,2022-09-30
Maja Ma,2022-10-06
Catherine Called Birdy,2022-10-07
Ammu,2022-10-19
Perfect Strangers,2022-10-20
"Argentina, 1985",2022-10-21
Run Sweetheart Run,2022-10-28
Classico,2022-10-28
Before I Met You,2022-11-03
My Policeman,2022-11-04
Overdose,2022-11-04
La Caída,2022-11-11
The People We Hate at the Wedding,2022-11-18
Sachertorte,2022-11-18
Your Christmas or Mine?,2022-12-02
Tomorrow Is Today,2022-12-02
Hawa,2022-12-09
Something from Tiffany's,2022-12-09
Nanny,2022-12-16
Off-Lined,2022-12-17
Gospel,2022-12-24
Scandal Makers,2023-01-19
In Your Dreams,2023-02-03
Casando a mi Ex,2023-02-06
Somebody I Used to Know,2023-02-10
Ten Little Mistresses,2023-02-15
Innocent Vengeance,2023-02-16
Sayen,2023-03-03
"Tangos, Tequilas y Algunas Mentiras",2023-03-10
Walang KaParis (Nothing Like Paris),2023-03-23
Perfect Addiction,2023-03-23
On a Wing and a Prayer,2023-04-07
Gangs of Lagos,2023-04-07
The Seed,2023-05-03
Beautiful Disaster,2023-05-05
Mother's Day Is Cancelled,2023-05-05
Air,2023-05-12
Ang Mga Kaibigan ni Mama Susan,2023-05-18
Medellin,2023-06-02
Um Ano Inesquecível - Verão,2023-06-02
My Fault,2023-06-08
Um Ano Inesquecível - Outono,2023-06-09
Um Ano Inesquecível - Inverno,2023-06-16
200 Pounds Beauty,2023-06-22
Um Ano Inesquecível - Primavera,2023-06-23
Tiku Weds Sheru,2023-06-23
Why Do You Love Me,2023-06-28
The Hottest Summer,2023-07-06
The Initiated,2023-07-07
Robots,2023-07-17
Bawaal,2023-07-21
Guy Ritchie's The Covenant,2023-07-27
S.O.S. Mamis 2: Mosquita muerta,2023-08-02
Divina Señal,2023-08-04
"Red, White & Royal Blue",2023-08-11
Sitting in Bars with Cake,2023-09-08
Sentinelle,2023-09-08
A Million Miles Away,2023-09-15
Invalidite,2023-09-21
Cassandro,2023-09-22
Totally Killer,2023-10-06
Awareness,2023-10-11
In My Mother's Skin,2023-10-12
The Burial,2023-10-13
Daisuke Jigen,2023-10-13
Sayen: Desert Road,2023-10-20
The Day of the Dead Is Cancelled,2023-10-27
Pippa,2023-11-10
Bihter,2023-11-16
Congrats My Ex!,2023-11-16
Elf Me,2023-11-24
Candy Cane Lane,2023-12-01
Your Christmas or Mine 2,2023-12-08
Dating Santa,2023-12-08
Merry Little Batman,2023-12-08
Mast Mein Rehne Ka,2023-12-08
O Primeiro Natal do Mundo,2023-12-08
Silver and the Book of Dreams,2023-12-08
Dry Day,2023-12-22
How to Succeed at Losing,2023-12-22
Saltburn,2023-12-22
Foe,2024-01-05
Landscape with Invisible Hand,2024-01-09
Role Play,2024-01-12
The Underdoggs,2024-01-26
Trunk – Locked in,2024-01-26
Upgraded,2024-02-09
Still Fabulous,2024-02-12
Five Blind Dates,2024-02-13
Fazendo Meu Filme,2024-02-14
This Is Me... Now: A Love Story,2024-02-16
Ricky Stanicky,2024-03-07
Sirens,2024-03-15
Ae Watan Mere Watan,2024-03-21
Road House,2024-03-21
Un hipster en la España vacía,2024-03-27
The Boys in the Boat,2024-03-29
Música,2024-04-04
How to Date Billy Walsh,2024-04-05
Gli Addestratori,2024-04-25
Sayen: The Huntress,2024-04-26
The Idea of You,2024-05-02
Water & Garri,2024-05-10
Beautiful Wedding,2024-05-17
Arthur the King,2024-05-24
Sharmajee Ki Beti,2024-06-28
Space Cadet,2024-07-04
Maybe It's True What They Say About Us,2024-07-07
Divorce in the Black,2024-07-11
My Spy: The Eternal City,2024-07-18
One Fast Move,2024-08-08
The Shakedown,2024-08-08
Jackpot!,2024-08-15
Killer Heat,2024-09-26
The Initiated: Written from the shadows,2024-09-27
House of Spoils,2024-10-03
El diario,2024-10-04
Brothers,2024-10-17
The Park Maniac,2024-10-18
Blue cave,2024-10-18
Canary Black,2024-10-24
Nokturno,2024-10-31
Apocalypse Z: The Beginning of the End,2024-10-31
Libre,2024-11-01
Pimpinero: Blood and Oil,2024-11-22
Hunting With Tigers,2024-11-22
Christmas is Cancelled,2024-11-29
The Red Virgin,2024-12-05
Love In 39 Degrees,2024-12-06
Agni,2024-12-06
3 Working Days,2024-12-11
A Night in 2005,2024-12-18
Christmas in Lagos,2024-12-20
Your Fault,2024-12-27
The Gardener,2025-01-10
Unstoppable,2025-01-16
The Calendar Killer,2025-01-16
Undercover Party Crasher,2025-01-17
You're Cordially Invited,2025-01-30
The Mehta Boys,2025-02-07
My Fault: London,2025-02-13
Broken Rage,2025-02-13
Picture This,2025-03-06
Be Happy,2025-03-14
Duplicity,2025-03-20
Holland,2025-03-27
Desconectados 2: Reconectados,2025-03-28
Carjackers,2025-03-28
G20,2025-04-10
Chhorii 2,2025-04-11
1992,2025-04-12
Another Simple Favor,2025-05-01
Tin Soldier,2025-05-08
Graduation Trip: Mallorca,2025-05-30
Un mariage sans fin,2025-05-30
Stolen,2025-06-04
Paris in Bali,2025-06-06
Deep Cover,2025-06-12
Heads of State,2025-07-02
Uppu Kappurambu,2025-07-04
Sniper: The Last Stand,2025-07-07
The Lost Days,2025-07-11
Follow,2025-07-18
War of the Worlds,2025-07-30
The Pickup,2025-08-06
The Siege at Thorn High,2025-08-15
The Map That Leads to You,2025-08-20
Say Who Die,2025-08-29
Songs of Paradise,2025-08-29
Enemies,2025-08-29
McWalter,2025-09-12
Play Dirty,2025-10-01
Maintenance Required,2025-10-08
Our Fault,2025-10-16
Host,2025-10-23
Hedda,2025-10-29
Finding Joy,2025-11-05
Playdate,2025-11-12
"Two Worlds, One Wish",2025-11-25
Mrs. Christmas,2025-11-28
Perrengue Fashions,2025-11-28
Oh. What. Fun.,2025-12-03
Merv,2025-12-10
Tell Me Softly,2025-12-12
Trap House,2025-12-31
Follow My Voice,2026-01-02
The Tiger,2026-01-02
Cheekatilo,2026-01-23
The Wrecking Crew,2026-01-28
Relationship Goals,2026-02-04
Fabian and the Deadly Wedding,2026-02-06
Love Me Love Me,2026-02-13
The Bluff,2026-02-25
Subedaar,2026-03-05
Zeta,2026-03-20
Pretty Lethal,2026-03-25
Candy and the Pizza Ggirl,2026-04-10
Balls Up,2026-04-15
Vengeance,2026-04-22
No Place to Be Single,2026-05-08
Jack Ryan: Ghost War,2026-05-20
System,2026-05-22
Summer House,2026-06-06
Une Famille de Bâtards,2026-06-12
Still Sexy,2026-06-12
Your Fault: London,2026-06-17
Jonas Brothers: Chasing Happiness,2019-06-04
Andy Murray: Resurfacing,2019-11-29
Alejandro Sanz: #Lagira de #eldisco,2019-12-05
Happiness Continues: A Jonas Brothers Concert Film,2020-04-24
Amaia: Una vuelta al sol,2020-05-01
All In: The Fight for Democracy,2020-09-18
Kiss the Ground,2020-09-22
Ferro,2020-11-06
Bastille: ReOrchestrated,2021-02-10
The Boy from Medellín,2021-05-07
Pink: All I Know So Far,2021-05-21
Mary J. Blige's My Life,2021-06-25
Val,2021-08-06
The Tiger Mafia,2021-08-14
My Name Is Pauli Murray,2021-10-01
Justin Bieber: Our World,2021-10-08
A Man Named Scott,2021-11-05
Mayor Pete,2021-11-12
Burning,2021-11-25
Lucy and Desi,2022-03-04
Elizabeth Windsor,2022-06-01
Kick Like Tayla,2022-06-16
Warriors on the Field,2022-07-07
Beast Mode On,2022-10-26
Good Night Oppy,2022-11-23
Wildcat,2022-12-30
KSI: In Real Life,2023-01-26
Reggie,2023-03-24
Judy Blume Forever,2023-04-21
Destination NBA: A G League Odyssey,2023-08-08
Mr. Dressup: The Magic of Make-Believe,2023-10-10
Silver Dollar Road,2023-10-13
Hot Potato: The Story of the Wiggles,2023-10-23
Maxine's Baby: The Tyler Perry Story,2023-11-17
Victoria's Secret: The Tour '23,2023-12-01
The Greatest Love Story Never Told,2024-02-27
Frida,2024-03-14
For Love & Life: No Ordinary Campaign,2024-05-28
Federer: Twelve Final Days,2024-06-20
I Am: Celine Dion,2024-06-25
Cirque Du Soleil: Without a Net,2024-07-25
Megan Thee Stallion: In Her Words,2024-10-31
ChiefsAholic: A Wolf in Chiefs Clothing,2024-12-24
This is the Tom Green Documentary,2025-01-24
Man on the Run,2026-02-27
Meal Ticket,2026-03-19
Kyle Larson vs the Double,2026-05-21
Savage X Fenty Show,2019-09-20
The Kacey Musgraves Christmas Show,2019-11-29
Savage X Fenty Show Vol. 2,2020-10-02
What the Constitution Means to Me,2020-10-16
Yearly Departed 2020,2020-12-29
Savage X Fenty Show Vol. 3,2021-09-24
Yearly Departed 2021,2021-12-23
The Weeknd X Dawn FM Experience,2022-02-26
Savage X Fenty Show Vol. 4,2022-11-09
Kendrick Lamar Live: The Big Steppers Tour,2022-11-23
Hip Hop World,2024-04-16
Kenny Sebastian: Don't Be That Guy,2017-05-01
Biswa Kalyan Rath: Biswa Mast Aadmi,2017-05-19
Kanan Gill: Keep It Real,2017-05-26
Zakir Khan: Haq Se Single,2017-07-09
Nishant Tanwar aka Joke Singh: Delhi Se Hoon B*@!&#%d,2018-04-06
Vaibhav Sethia: Don't,2018-05-25
Zakir Khan: Kaksha Gyarvi,2018-11-23
Kanan Gill & Kenny Sebastian: Sketchy Behaviour,2019-02-14
Jim Gaffigan: Quality Time,2019-08-16
Flo & Joan: Alive on Stage,2019-08-19
Ed Gamble: Blood Sugar,2019-08-19
Paul Chowdhry: Live Init,2019-08-19
Chris Ramsey: Approval Needed,2019-08-19
Alice Wetterlund: My Mama Is A Human And So Am I,2019-08-23
Alonzo Bodden: Heavy Lightweight,2019-08-23
#IMomSoHard Live,2019-08-23
Mike E. Winfield: StepMan,2019-08-23
Biswa Kalyan Rath: Sushi,2019-10-25
Ilana Glazer: The Planet Is Burning,2020-01-03
Jayde Adams: Serious Black Jumper,2020-01-03
Rob Delaney: Jackie,2020-01-17
Russell Peters: Deported,2020-01-17
Celia Pacquola: All Talk,2020-04-10
Zoë Coombs Marr: Bossy Bottom,2020-04-10
Alice Fraser: Savage,2020-04-17
Tommy Little: Self-Diagnosed Genius,2020-04-17
Dilruk Jayasinha: Live,2020-04-24
Judith Lucy: Judith Lucy vs Men,2020-04-24
Lano & Woodley: Fly,2020-05-01
Tom Walker: Very Very,2020-05-01
Tom Gleeson: Joy,2020-05-08
Anne Edmonds: What's Wrong with You?,2020-05-08
Jimmy O. Yang: Good Deal,2020-05-08
Gina Brillon: The Floor Is Lava,2020-06-05
Jim Gaffigan: The Pale Tourist,2020-07-24
Iain Stirling: Failing Upwards,2022-05-27
Nate Bargatze: Hello World,2023-01-31
Kathleen Madigan: Hunting Bigfoot,2023-02-21
Lizzy Hoo: Hoo Cares!?,2023-04-06
Alex Borstein: Corsets & Clown Suits,2023-04-18
Jimmy O. Yang: Guess How Much?,2023-05-02
"2 Moms, 1 Mic",2023-05-14
Zarna Garg: One in a Billion,2023-05-16
Jim Gaffigan: Dark Pale,2023-07-25
Zainab Johnson: Hijabs Off,2023-10-24
Dina Hashem: Dark Little Whispers,2023-11-10
Trevor Wallace: Pterodactyl,2023-11-14
Jenny Slate: Seasoned Professional,2024-02-23
Tig Notaro: Hello Again,2024-03-26
Marlon Wayans: Good Grief,2024-06-04
Sam Morril: You've Changed,2024-07-09
Jeff Dunham's Scrooged-Up Holiday Special,2024-11-19
The World According To Kaleb On Tour,2024-11-29
Tom Green: I Got A Mule!,2025-01-28
Kathleen Madigan: The Family Thread,2025-11-21
